filename,source_url,section_label,section_index,chunk_index,chunk_text,chunk_text_tr
NIST.CSWP.29.pdf,https://doi.org/10.6028/NIST.CSWP.29,GV.OC_GV.OC-01,0.0,0,The organizational mission is understood and informs cybersecurity risk o management,Organizasyonel misyon anlaşıldı ve siber güvenlik riski hakkında bilgi verildi o yönetim
NIST.CSWP.29.pdf,https://doi.org/10.6028/NIST.CSWP.29,GV.OC_GV.OC-02,0.0,0,"Internal and external stakeholders are understood, and their needs and o expectations regarding cybersecurity risk management are understood and considered","İç ve dış paydaşların anlaşılması, ihtiyaçları ve o Siber güvenlik risk yönetimine ilişkin beklentilerin anlaşılması ve dikkate alınması"
NIST.CSWP.29.pdf,https://doi.org/10.6028/NIST.CSWP.29,GV.OC_GV.OC-03,0.0,0,"Legal, regulatory, and contractual requirements regarding cybersecurity — o including privacy and civil liberties obligations — are understood and managed","Siber güvenliğe ilişkin yasal, düzenleyici ve sözleşmeye dayalı gereksinimler — o gizlilik ve sivil özgürlükler yükümlülükleri dahil - anlaşılır ve yönetilir"
NIST.CSWP.29.pdf,https://doi.org/10.6028/NIST.CSWP.29,GV.OC_GV.OC-04,0.0,0,"Critical objectives, capabilities, and services that external stakeholders o depend on or expect from the organization are understood and communicated","Dış paydaşların belirlediği kritik hedefler, yetenekler ve hizmetler o Kuruluşa bağlı olunması veya kuruluştan beklenmesinin anlaşılması ve iletilmesi"
NIST.CSWP.29.pdf,https://doi.org/10.6028/NIST.CSWP.29,GV.OC_GV.OC-05,0.0,0,"Outcomes, capabilities, and services that the organization depends on are o understood and communicated • Risk Management Strategy (GV.RM): The organization’s priorities, constraints, risk tolerance and appetite statements, and assumptions are established, communicated, and used to support operational risk decisions","Kuruluşun bağlı olduğu sonuçlar, yetenekler ve hizmetler şunlardır: o anlaşıldı ve iletildi • Risk Yönetimi Stratejisi (GV.RM): Kuruluşun öncelikleri, kısıtlamaları, riskleri Hoşgörü ve iştah beyanları ve varsayımlar oluşturulur, iletilir ve operasyonel risk kararlarını desteklemek için kullanılır"
NIST.CSWP.29.pdf,https://doi.org/10.6028/NIST.CSWP.29,GV.RM_GV.RM-01,1.0,0,Risk management objectives are established and agreed to by organizational o stakeholders,Risk yönetimi hedefleri kuruluş tarafından belirlenir ve kabul edilir. o paydaşlar
NIST.CSWP.29.pdf,https://doi.org/10.6028/NIST.CSWP.29,GV.RM_GV.RM-02,1.0,0,"Risk appetite and risk tolerance statements are established, communicated, o and maintained","Risk iştahı ve risk toleransı beyanlarının oluşturulması, iletilmesi, o ve bakımı yapıldı"
NIST.CSWP.29.pdf,https://doi.org/10.6028/NIST.CSWP.29,GV.RM_GV.RM-03,1.0,0,Cybersecurity risk management activities and outcomes are included in o enterprise risk management processes,"Siber güvenlik risk yönetimi faaliyetleri ve sonuçları, o kurumsal risk yönetimi süreçleri"
NIST.CSWP.29.pdf,https://doi.org/10.6028/NIST.CSWP.29,GV.RM_GV.RM-04,1.0,0,Strategic direction that describes appropriate risk response options is o established and communicated,Uygun risk yanıt seçeneklerini açıklayan stratejik yön o kurulmuş ve iletilmiş
NIST.CSWP.29.pdf,https://doi.org/10.6028/NIST.CSWP.29,GV.RM_GV.RM-05,1.0,0,"Lines of communication across the organization are established for o cybersecurity risks, including risks from suppliers and other third parties",Organizasyon genelinde iletişim hatları kurulmuştur. o Tedarikçilerden ve diğer üçüncü taraflardan kaynaklanan riskler de dahil olmak üzere siber güvenlik riskleri
NIST.CSWP.29.pdf,https://doi.org/10.6028/NIST.CSWP.29,GV.RM_GV.RM-06,1.0,0,"A standardized method for calculating, documenting, categorizing, and o prioritizing cybersecurity risks is established and communicated","Hesaplama, belgeleme, sınıflandırma ve o Siber güvenlik risklerinin önceliklendirilmesi oluşturulur ve iletilir"
NIST.CSWP.29.pdf,https://doi.org/10.6028/NIST.CSWP.29,GV.RM_GV.RM-07,1.0,0,"Strategic opportunities (i.e., positive risks) are characterized and are o included in organizational cybersecurity risk discussions 16 NIST CSWP 29 The NIST Cybersecurity Framework (CSF) 2.0 February 26, 2024 • Roles, Responsibilities, and Authorities (GV.RR): Cybersecurity roles, responsibilities, and authorities to foster accountability, performance assessment, and continuous improvement are established and communicated","Stratejik fırsatlar (yani olumlu riskler) karakterize edilir ve o kurumsal siber güvenlik risk tartışmalarına dahil edildi 16 NIST CSWP 29 NIST Siber Güvenlik Çerçevesi (CSF) 2.0 26 Şubat 2024 • Roller, Sorumluluklar ve Yetkiler (GV.RR): Siber güvenlik rolleri, sorumlulukları ve Yetkililerin hesap verebilirliği, performans değerlendirmesini ve sürekli iyileştirmeyi teşvik etmesi kurulur ve iletilir"
NIST.CSWP.29.pdf,https://doi.org/10.6028/NIST.CSWP.29,GV.RR_GV.RR-01,2.0,0,"Organizational leadership is responsible and accountable for cybersecurity o risk and fosters a culture that is risk-aware, ethical, and continually improving","Organizasyonel liderlik siber güvenlikten sorumludur ve sorumludur o riske duyarlı, etik ve sürekli gelişen bir kültürü teşvik eder"
NIST.CSWP.29.pdf,https://doi.org/10.6028/NIST.CSWP.29,GV.RR_GV.RR-02,2.0,0,"Roles, responsibilities, and authorities related to cybersecurity risk o management are established, communicated, understood, and enforced","Siber güvenlik riskine ilişkin roller, sorumluluklar ve yetkiler o Yönetim kurulur, iletilir, anlaşılır ve uygulanır"
NIST.CSWP.29.pdf,https://doi.org/10.6028/NIST.CSWP.29,GV.RR_GV.RR-03,2.0,0,"Adequate resources are allocated commensurate with the cybersecurity risk o strategy, roles, responsibilities, and policies","Siber güvenlik riskiyle orantılı olarak yeterli kaynak tahsis edilir o strateji, roller, sorumluluklar ve politikalar"
NIST.CSWP.29.pdf,https://doi.org/10.6028/NIST.CSWP.29,GV.RR_GV.RR-04,2.0,0,"Cybersecurity is included in human resources practices o • Policy (GV.PO): Organizational cybersecurity policy is established, communicated, and enforced","Siber güvenlik insan kaynakları uygulamalarına dahildir o • Politika (GV.PO): Kurumsal siber güvenlik politikası oluşturulur, iletilir ve zorunlu"
NIST.CSWP.29.pdf,https://doi.org/10.6028/NIST.CSWP.29,GV.PO_GV.PO-01,3.0,0,"Policy for managing cybersecurity risks is established based on organizational o context, cybersecurity strategy, and priorities and is communicated and enforced","Siber güvenlik risklerini yönetme politikası organizasyonel bazda oluşturulmuştur. o bağlam, siber güvenlik stratejisi ve öncelikler dikkate alınarak iletilir ve uygulanır."
NIST.CSWP.29.pdf,https://doi.org/10.6028/NIST.CSWP.29,GV.PO_GV.PO-02,3.0,0,"Policy for managing cybersecurity risks is reviewed, updated, communicated, o and enforced to reflect changes in requirements, threats, technology, and organizational mission • Oversight (GV.OV): Results of organization-wide cybersecurity risk management activities and performance are used to inform, improve, and adjust the risk management strategy","Siber güvenlik risklerinin yönetimine ilişkin politika gözden geçirilir, güncellenir, iletilir, o gereksinimlerdeki, tehditlerdeki, teknolojideki değişiklikleri yansıtacak şekilde zorlanır ve örgütsel misyon • Gözetim (GV.OV): Kuruluş çapında siber güvenlik risk yönetimi faaliyetlerinin sonuçları ve performans, risk yönetimi stratejisini bilgilendirmek, geliştirmek ve ayarlamak için kullanılır"
NIST.CSWP.29.pdf,https://doi.org/10.6028/NIST.CSWP.29,GV.OV_GV.OV-01,4.0,0,Cybersecurity risk management strategy outcomes are reviewed to inform o and adjust strategy and direction,Siber güvenlik risk yönetimi stratejisi sonuçları bilgilendirme amacıyla gözden geçirilir o ve stratejiyi ve yönü ayarlayın
NIST.CSWP.29.pdf,https://doi.org/10.6028/NIST.CSWP.29,GV.OV_GV.OV-02,4.0,0,The cybersecurity risk management strategy is reviewed and adjusted to o ensure coverage of organizational requirements and risks,Siber güvenlik risk yönetimi stratejisi gözden geçirilir ve o Organizasyonel gereksinimlerin ve risklerin kapsanmasını sağlamak
NIST.CSWP.29.pdf,https://doi.org/10.6028/NIST.CSWP.29,GV.OV_GV.OV-03,4.0,0,"Organizational cybersecurity risk management performance is evaluated and o reviewed for adjustments needed • Cybersecurity Supply Chain Risk Management (GV.SC): Cyber supply chain risk management processes are identified, established, managed, monitored, and improved by organizational stakeholders","Organizasyonel siber güvenlik risk yönetimi performansı değerlendirilir ve o gerekli ayarlamalar için gözden geçirildi • Siber Güvenlik Tedarik Zinciri Risk Yönetimi (GV.SC): Siber tedarik zinciri riski yönetim süreçleri belirlenir, oluşturulur, yönetilir, izlenir ve geliştirilir. organizasyonel paydaşlar"
NIST.CSWP.29.pdf,https://doi.org/10.6028/NIST.CSWP.29,GV.SC_GV.SC-01,5.0,0,"A cybersecurity supply chain risk management program, strategy, objectives, o policies, and processes are established and agreed to by organizational stakeholders","Siber güvenlik tedarik zinciri risk yönetimi programı, stratejisi, hedefleri, o politikalar ve süreçler kurumsal paydaşlar tarafından oluşturulur ve kabul edilir"
NIST.CSWP.29.pdf,https://doi.org/10.6028/NIST.CSWP.29,GV.SC_GV.SC-02,5.0,0,"Cybersecurity roles and responsibilities for suppliers, customers, and partners o are established, communicated, and coordinated internally and externally","Tedarikçiler, müşteriler ve iş ortakları için siber güvenlik rolleri ve sorumlulukları o kurum içinde ve dışında kurulur, iletilir ve koordine edilir"
NIST.CSWP.29.pdf,https://doi.org/10.6028/NIST.CSWP.29,GV.SC_GV.SC-03,5.0,0,"Cybersecurity supply chain risk management is integrated into cybersecurity o and enterprise risk management, risk assessment, and improvement processes","Siber güvenlik tedarik zinciri risk yönetimi siber güvenliğe entegre edilmiştir o ve kurumsal risk yönetimi, risk değerlendirme ve iyileştirme süreçleri"
NIST.CSWP.29.pdf,https://doi.org/10.6028/NIST.CSWP.29,GV.SC_GV.SC-04,5.0,0,"Suppliers are known and prioritized by criticality o 17 NIST CSWP 29 The NIST Cybersecurity Framework (CSF) 2.0 February 26, 2024",Tedarikçiler kritikliklerine göre tanınır ve önceliklendirilir o 17 NIST CSWP 29 NIST Siber Güvenlik Çerçevesi (CSF) 2.0 26 Şubat 2024
NIST.CSWP.29.pdf,https://doi.org/10.6028/NIST.CSWP.29,GV.SC_GV.SC-05,5.0,0,"Requirements to address cybersecurity risks in supply chains are established, o prioritized, and integrated into contracts and other types of agreements with suppliers and other relevant third parties","Tedarik zincirlerinde siber güvenlik risklerine yönelik gereklilikler oluşturulmuştur, o önceliklendirilmiş ve tedarikçilerle yapılan sözleşmelere ve diğer anlaşma türlerine entegre edilmiştir ve diğer ilgili üçüncü taraflar"
NIST.CSWP.29.pdf,https://doi.org/10.6028/NIST.CSWP.29,GV.SC_GV.SC-06,5.0,0,Planning and due diligence are performed to reduce risks before entering into o formal supplier or other third-party relationships,Faaliyete geçmeden önce riskleri azaltmak için planlama ve durum tespiti yapılır. o resmi tedarikçi veya diğer üçüncü taraf ilişkileri
NIST.CSWP.29.pdf,https://doi.org/10.6028/NIST.CSWP.29,GV.SC_GV.SC-07,5.0,0,"The risks posed by a supplier, their products and services, and other third o parties are understood, recorded, prioritized, assessed, responded to, and monitored over the course of the relationship","Bir tedarikçinin, ürün ve hizmetlerinin ve diğer üçüncü tarafların oluşturduğu riskler o Taraflar anlaşılır, kaydedilir, önceliklendirilir, değerlendirilir, yanıt verilir ve izlenir ilişki boyunca"
NIST.CSWP.29.pdf,https://doi.org/10.6028/NIST.CSWP.29,GV.SC_GV.SC-08,5.0,0,"Relevant suppliers and other third parties are included in incident planning, o response, and recovery activities","Olay planlamasına ilgili tedarikçiler ve diğer üçüncü tarafların dahil edilmesi, o müdahale ve kurtarma faaliyetleri"
NIST.CSWP.29.pdf,https://doi.org/10.6028/NIST.CSWP.29,GV.SC_GV.SC-09,5.0,0,"Supply chain security practices are integrated into cybersecurity and o enterprise risk management programs, and their performance is monitored throughout the technology product and service life cycle",Tedarik zinciri güvenliği uygulamaları siber güvenliğe entegre edilir ve o kurumsal risk yönetimi programları oluşturulmakta ve performansları sürekli olarak takip edilmektedir. teknoloji ürün ve hizmet yaşam döngüsü
NIST.CSWP.29.pdf,https://doi.org/10.6028/NIST.CSWP.29,GV.SC_GV.SC-10,5.0,0,"Cybersecurity supply chain risk management plans include provisions for o activities that occur after the conclusion of a partnership or service agreement IDENTIFY (ID): The organization’s current cybersecurity risks are understood • Asset Management (ID.AM): Assets (e.g., data, hardware, software, systems, facilities, services, people) that enable the organization to achieve business purposes are identified and managed consistent with their relative importance to organizational objectives and the organization’s risk strategy","Siber güvenlik tedarik zinciri risk yönetimi planları aşağıdakilere ilişkin hükümleri içerir: o bir ortaklık veya hizmet sözleşmesinin imzalanmasından sonra ortaya çıkan faaliyetler TANIMLAYIN (ID): Kuruluşun mevcut siber güvenlik riskleri anlaşıldı • Varlık Yönetimi (ID.AM): Varlıklar (ör. veriler, donanım, yazılım, sistemler, tesisler, Kuruluşun iş amaçlarına ulaşmasını sağlayan hizmetler, kişiler) tanımlanır ve organizasyonel hedeflere olan göreceli önemleri ile tutarlı bir şekilde yönetilirler ve kuruluşun risk stratejisi"
NIST.CSWP.29.pdf,https://doi.org/10.6028/NIST.CSWP.29,ID.AM_ID.AM-01,6.0,0,Inventories of hardware managed by the organization are maintained o,Kuruluş tarafından yönetilen donanımların envanterleri tutulur o
NIST.CSWP.29.pdf,https://doi.org/10.6028/NIST.CSWP.29,ID.AM_ID.AM-02,6.0,0,"Inventories of software, services, and systems managed by the organization o are maintained","Kuruluş tarafından yönetilen yazılım, hizmet ve sistemlerin envanterleri o korunur"
NIST.CSWP.29.pdf,https://doi.org/10.6028/NIST.CSWP.29,ID.AM_ID.AM-03,6.0,0,Representations of the organization’s authorized network communication o and internal and external network data flows are maintained,Kuruluşun yetkili ağ iletişiminin temsilleri o ve dahili ve harici ağ veri akışları korunur
NIST.CSWP.29.pdf,https://doi.org/10.6028/NIST.CSWP.29,ID.AM_ID.AM-04,6.0,0,Inventories of services provided by suppliers are maintained o,Tedarikçiler tarafından sağlanan hizmetlerin envanterleri tutulur o
NIST.CSWP.29.pdf,https://doi.org/10.6028/NIST.CSWP.29,ID.AM_ID.AM-05,6.0,0,"Assets are prioritized based on classification, criticality, resources, and o impact on the mission","Varlıklar sınıflandırmaya, kritikliğe, kaynaklara ve o misyon üzerindeki etkisi"
NIST.CSWP.29.pdf,https://doi.org/10.6028/NIST.CSWP.29,ID.AM_ID.AM-07,6.0,0,Inventories of data and corresponding metadata for designated data types o are maintained,Belirlenen veri türleri için veri envanterleri ve karşılık gelen meta veriler o korunur
NIST.CSWP.29.pdf,https://doi.org/10.6028/NIST.CSWP.29,ID.AM_ID.AM-08,6.0,0,"Systems, hardware, software, services, and data are managed throughout o their life cycles • Risk Assessment (ID.RA): The cybersecurity risk to the organization, assets, and individuals is understood by the organization","Sistemler, donanım, yazılım, hizmetler ve veriler baştan sona yönetilir o onların yaşam döngüleri • Risk Değerlendirmesi (ID.RA): Kuruluşa, varlıklara ve bireylere yönelik siber güvenlik riski organizasyon tarafından anlaşıldı"
NIST.CSWP.29.pdf,https://doi.org/10.6028/NIST.CSWP.29,ID.RA_ID.RA-01,7.0,0,"Vulnerabilities in assets are identified, validated, and recorded o 18 NIST CSWP 29 The NIST Cybersecurity Framework (CSF) 2.0 February 26, 2024","Varlıklardaki güvenlik açıkları belirlenir, doğrulanır ve kaydedilir o 18 NIST CSWP 29 NIST Siber Güvenlik Çerçevesi (CSF) 2.0 26 Şubat 2024"
NIST.CSWP.29.pdf,https://doi.org/10.6028/NIST.CSWP.29,ID.RA_ID.RA-02,7.0,0,Cyber threat intelligence is received from information sharing forums and o sources,Siber tehdit istihbaratı bilgi paylaşım forumlarından alınır ve o kaynaklar
NIST.CSWP.29.pdf,https://doi.org/10.6028/NIST.CSWP.29,ID.RA_ID.RA-03,7.0,0,Internal and external threats to the organization are identified and recorded o,Kuruluşa yönelik iç ve dış tehditler tespit edilir ve kayıt altına alınır o
NIST.CSWP.29.pdf,https://doi.org/10.6028/NIST.CSWP.29,ID.RA_ID.RA-04,7.0,0,Potential impacts and likelihoods of threats exploiting vulnerabilities are o identified and recorded,Güvenlik açıklarından yararlanan tehditlerin olası etkileri ve olasılıkları o tespit edildi ve kaydedildi
NIST.CSWP.29.pdf,https://doi.org/10.6028/NIST.CSWP.29,ID.RA_ID.RA-05,7.0,0,"Threats, vulnerabilities, likelihoods, and impacts are used to understand o inherent risk and inform risk response prioritization","Tehditleri, güvenlik açıklarını, olasılıkları ve etkileri anlamak için kullanılır o doğal risk ve bilgilendirilmiş risk yanıtı önceliklendirmesi"
NIST.CSWP.29.pdf,https://doi.org/10.6028/NIST.CSWP.29,ID.RA_ID.RA-06,7.0,0,"Risk responses are chosen, prioritized, planned, tracked, and communicated o","Risk yanıtları seçilir, önceliklendirilir, planlanır, takip edilir ve iletilir o"
NIST.CSWP.29.pdf,https://doi.org/10.6028/NIST.CSWP.29,ID.RA_ID.RA-07,7.0,0,"Changes and exceptions are managed, assessed for risk impact, recorded, and o tracked","Değişiklikler ve istisnalar yönetilir, risk etkisi açısından değerlendirilir, kaydedilir ve o paletli"
NIST.CSWP.29.pdf,https://doi.org/10.6028/NIST.CSWP.29,ID.RA_ID.RA-08,7.0,0,"Processes for receiving, analyzing, and responding to vulnerability disclosures o are established","Güvenlik açığı açıklamalarının alınması, analiz edilmesi ve bunlara yanıt verilmesi süreçleri o kuruldu"
NIST.CSWP.29.pdf,https://doi.org/10.6028/NIST.CSWP.29,ID.RA_ID.RA-09,7.0,0,The authenticity and integrity of hardware and software are assessed prior to o acquisition and use,Donanım ve yazılımın orijinalliği ve bütünlüğü önceden değerlendirilir. o edinme ve kullanma
NIST.CSWP.29.pdf,https://doi.org/10.6028/NIST.CSWP.29,ID.RA_ID.RA-10,7.0,0,"Critical suppliers are assessed prior to acquisition o • Improvement (ID.IM): Improvements to organizational cybersecurity risk management processes, procedures and activities are identified across all CSF Functions","Kritik tedarikçiler satın alma öncesinde değerlendirilir o • İyileştirme (ID.IM): Kurumsal siber güvenlik risk yönetiminde iyileştirmeler tüm CSF Fonksiyonlarında süreçler, prosedürler ve faaliyetler tanımlanır"
NIST.CSWP.29.pdf,https://doi.org/10.6028/NIST.CSWP.29,ID.IM_ID.IM-01,8.0,0,Improvements are identified from evaluations o,Değerlendirmeler sonucunda iyileştirmeler belirlenir o
NIST.CSWP.29.pdf,https://doi.org/10.6028/NIST.CSWP.29,ID.IM_ID.IM-02,8.0,0,"Improvements are identified from security tests and exercises, including those o done in coordination with suppliers and relevant third parties","İyileştirmeler, güvenlik testlerinden ve tatbikatlarından belirlenir. o tedarikçiler ve ilgili üçüncü taraflarla koordineli olarak yapılır"
NIST.CSWP.29.pdf,https://doi.org/10.6028/NIST.CSWP.29,ID.IM_ID.IM-03,8.0,0,"Improvements are identified from execution of operational processes, o procedures, and activities","Operasyonel süreçlerin yürütülmesi sonucunda iyileştirmeler belirlenir, o prosedürler ve faaliyetler"
NIST.CSWP.29.pdf,https://doi.org/10.6028/NIST.CSWP.29,ID.IM_ID.IM-04,8.0,0,"Incident response plans and other cybersecurity plans that affect operations o are established, communicated, maintained, and improved PROTECT (PR): Safeguards to manage the organization’s cybersecurity risks are used • Identity Management, Authentication, and Access Control (PR.AA): Access to physical and logical assets is limited to authorized users, services, and hardware and managed commensurate with the assessed risk of unauthorized access","Operasyonları etkileyen olay müdahale planları ve diğer siber güvenlik planları o kurulur, iletilir, sürdürülür ve geliştirilir PROTECT (PR): Kuruluşun siber güvenlik risklerini yönetmek için önlemler kullanılır • Kimlik Yönetimi, Kimlik Doğrulama ve Erişim Kontrolü (PR.AA): Fiziksel ve mantıksal varlıklar yetkili kullanıcılar, hizmetler, donanım ve yönetilenlerle sınırlıdır Yetkisiz erişime ilişkin değerlendirilen riskle orantılı"
NIST.CSWP.29.pdf,https://doi.org/10.6028/NIST.CSWP.29,PR.AA_PR.AA-01,9.0,0,"Identities and credentials for authorized users, services, and hardware are o managed by the organization","Yetkili kullanıcılara, hizmetlere ve donanıma ilişkin kimlikler ve kimlik bilgileri o kuruluş tarafından yönetilmektedir"
NIST.CSWP.29.pdf,https://doi.org/10.6028/NIST.CSWP.29,PR.AA_PR.AA-02,9.0,0,Identities are proofed and bound to credentials based on the context of o interactions,Kimlikler kanıtlanır ve bağlam temel alınarak kimlik bilgilerine bağlanır. o etkileşimler
NIST.CSWP.29.pdf,https://doi.org/10.6028/NIST.CSWP.29,PR.AA_PR.AA-03,9.0,0,"Users, services, and hardware are authenticated o","Kullanıcıların, hizmetlerin ve donanımın kimliği doğrulanır o"
NIST.CSWP.29.pdf,https://doi.org/10.6028/NIST.CSWP.29,PR.AA_PR.AA-04,9.0,0,"Identity assertions are protected, conveyed, and verified o 19 NIST CSWP 29 The NIST Cybersecurity Framework (CSF) 2.0 February 26, 2024","Kimlik iddiaları korunur, iletilir ve doğrulanır o 19 NIST CSWP 29 NIST Siber Güvenlik Çerçevesi (CSF) 2.0 26 Şubat 2024"
NIST.CSWP.29.pdf,https://doi.org/10.6028/NIST.CSWP.29,PR.AA_PR.AA-05,9.0,0,"Access permissions, entitlements, and authorizations are defined in a policy, o managed, enforced, and reviewed, and incorporate the principles of least privilege and separation of duties","Erişim izinleri, yetkiler ve yetkiler bir politikada tanımlanır, o yönetilmeli, uygulanmalı ve gözden geçirilmeli ve en az ayrıcalık ilkelerini dahil etmeli ve görevlerin ayrılması"
NIST.CSWP.29.pdf,https://doi.org/10.6028/NIST.CSWP.29,PR.AA_PR.AA-06,9.0,0,"Physical access to assets is managed, monitored, and enforced o commensurate with risk • Awareness and Training (PR.AT): The organization’s personnel are provided with cybersecurity awareness and training so that they can perform their cybersecurity-related tasks","Varlıklara fiziksel erişim yönetilir, izlenir ve uygulanır o riskle orantılı • Farkındalık ve Eğitim (PR.AT): Kuruluşun personeline aşağıdaki bilgiler sağlanır: Siber güvenlikle ilgili görevlerini yerine getirebilmeleri için siber güvenlik farkındalığı ve eğitimleri görevler"
NIST.CSWP.29.pdf,https://doi.org/10.6028/NIST.CSWP.29,PR.AT_PR.AT-01,10.0,0,Personnel are provided with awareness and training so that they possess the o knowledge and skills to perform general tasks with cybersecurity risks in mind,Personelin gerekli bilgi ve becerilere sahip olmalarını sağlayacak bilinçlendirme ve eğitimler sağlanır. o Siber güvenlik risklerini göz önünde bulundurarak genel görevleri yerine getirmeye yönelik bilgi ve beceriler
NIST.CSWP.29.pdf,https://doi.org/10.6028/NIST.CSWP.29,PR.AT_PR.AT-02,10.0,0,"Individuals in specialized roles are provided with awareness and training so o that they possess the knowledge and skills to perform relevant tasks with cybersecurity risks in mind • Data Security (PR.DS): Data are managed consistent with the organization’s risk strategy to protect the confidentiality, integrity, and availability of information","Uzmanlaşmış rollerdeki bireylere farkındalık ve eğitim sağlanarak o Siber güvenlikle ilgili görevleri yerine getirebilecek bilgi ve becerilere sahip olduklarını akıldaki riskler • Veri Güvenliği (PR.DS): Veriler, kuruluşun risk stratejisiyle tutarlı olarak yönetilir. bilgilerin gizliliğini, bütünlüğünü ve kullanılabilirliğini korumak"
NIST.CSWP.29.pdf,https://doi.org/10.6028/NIST.CSWP.29,PR.DS_PR.DS-01,11.0,0,"The confidentiality, integrity, and availability of data-at-rest are protected o","Kullanımda olmayan verilerin gizliliği, bütünlüğü ve kullanılabilirliği korunur o"
NIST.CSWP.29.pdf,https://doi.org/10.6028/NIST.CSWP.29,PR.DS_PR.DS-02,11.0,0,"The confidentiality, integrity, and availability of data-in-transit are protected o","Aktarılan verilerin gizliliği, bütünlüğü ve kullanılabilirliği korunur o"
NIST.CSWP.29.pdf,https://doi.org/10.6028/NIST.CSWP.29,PR.DS_PR.DS-10,11.0,0,"The confidentiality, integrity, and availability of data-in-use are protected o","Kullanımdaki verilerin gizliliği, bütünlüğü ve kullanılabilirliği korunur o"
NIST.CSWP.29.pdf,https://doi.org/10.6028/NIST.CSWP.29,PR.DS_PR.DS-11,11.0,0,"Backups of data are created, protected, maintained, and tested o • Platform Security (PR.PS): The hardware, software (e.g., firmware, operating systems, applications), and services of physical and virtual platforms are managed consistent with the organization’s risk strategy to protect their confidentiality, integrity, and availability","Verilerin yedekleri oluşturulur, korunur, bakımı yapılır ve test edilir o • Platform Güvenliği (PR.PS): Donanım, yazılım (ör. donanım yazılımı, işletim sistemleri, uygulamalar) ve fiziksel ve sanal platformların hizmetleri, kuruluşun gizliliğini, bütünlüğünü ve kullanılabilirliğini korumaya yönelik risk stratejisi"
NIST.CSWP.29.pdf,https://doi.org/10.6028/NIST.CSWP.29,PR.PS_PR.PS-01,12.0,0,Configuration management practices are established and applied o,Konfigürasyon yönetimi uygulamalarının oluşturulması ve uygulanması o
NIST.CSWP.29.pdf,https://doi.org/10.6028/NIST.CSWP.29,PR.PS_PR.PS-02,12.0,0,"Software is maintained, replaced, and removed commensurate with risk o","Yazılım riskle orantılı olarak korunur, değiştirilir ve kaldırılır o"
NIST.CSWP.29.pdf,https://doi.org/10.6028/NIST.CSWP.29,PR.PS_PR.PS-03,12.0,0,"Hardware is maintained, replaced, and removed commensurate with risk o","Riske göre donanımın bakımı yapılır, değiştirilir ve kaldırılır o"
NIST.CSWP.29.pdf,https://doi.org/10.6028/NIST.CSWP.29,PR.PS_PR.PS-04,12.0,0,Log records are generated and made available for continuous monitoring o,Log kayıtları oluşturulur ve sürekli izlemeye sunulur o
NIST.CSWP.29.pdf,https://doi.org/10.6028/NIST.CSWP.29,PR.PS_PR.PS-05,12.0,0,Installation and execution of unauthorized software are prevented o,Yetkisiz yazılımların kurulumu ve çalıştırılması engellenir o
NIST.CSWP.29.pdf,https://doi.org/10.6028/NIST.CSWP.29,PR.PS_PR.PS-06,12.0,0,"Secure software development practices are integrated, and their performance o is monitored throughout the software development life cycle • Technology Infrastructure Resilience (PR.IR): Security architectures are managed with the organization’s risk strategy to protect asset confidentiality, integrity, and availability, and organizational resilience","Güvenli yazılım geliştirme uygulamaları entegre edilmiştir ve performansları o yazılım geliştirme yaşam döngüsü boyunca izlenir • Teknoloji Altyapısı Dayanıklılığı (PR.IR): Güvenlik mimarileri, Kuruluşun varlık gizliliğini, bütünlüğünü ve kullanılabilirliğini korumaya yönelik risk stratejisi ve organizasyonel dayanıklılık"
NIST.CSWP.29.pdf,https://doi.org/10.6028/NIST.CSWP.29,PR.IR_PR.IR-01,13.0,0,"Networks and environments are protected from unauthorized logical access o and usage 20 NIST CSWP 29 The NIST Cybersecurity Framework (CSF) 2.0 February 26, 2024",Ağlar ve ortamlar yetkisiz mantıksal erişime karşı korunur o ve kullanım 20 NIST CSWP 29 NIST Siber Güvenlik Çerçevesi (CSF) 2.0 26 Şubat 2024
NIST.CSWP.29.pdf,https://doi.org/10.6028/NIST.CSWP.29,PR.IR_PR.IR-02,13.0,0,The organization’s technology assets are protected from environmental o threats,Kuruluşun teknoloji varlıkları çevresel etkenlerden korunmaktadır. o tehditler
NIST.CSWP.29.pdf,https://doi.org/10.6028/NIST.CSWP.29,PR.IR_PR.IR-03,13.0,0,Mechanisms are implemented to achieve resilience requirements in normal o and adverse situations,Normal koşullarda dayanıklılık gereksinimlerini karşılamak için mekanizmalar uygulanmaktadır o ve olumsuz durumlar
NIST.CSWP.29.pdf,https://doi.org/10.6028/NIST.CSWP.29,PR.IR_PR.IR-04,13.0,0,"Adequate resource capacity to ensure availability is maintained o DETECT (DE): Possible cybersecurity attacks and compromises are found and analyzed • Continuous Monitoring (DE.CM): Assets are monitored to find anomalies, indicators of compromise, and other potentially adverse events","Kullanılabilirliğin korunmasını sağlamak için yeterli kaynak kapasitesi o DETECT (DE): Olası siber güvenlik saldırıları ve açıkları bulunur ve analiz edilir • Sürekli İzleme (DE.CM): Varlıklar anormallikleri, uzlaşma ve diğer potansiyel olumsuz olaylar"
NIST.CSWP.29.pdf,https://doi.org/10.6028/NIST.CSWP.29,DE.CM_DE.CM-01,14.0,0,Networks and network services are monitored to find potentially adverse o events,"Ağlar ve ağ hizmetleri, olası olumsuz durumları tespit etmek için izlenir o olaylar"
NIST.CSWP.29.pdf,https://doi.org/10.6028/NIST.CSWP.29,DE.CM_DE.CM-02,14.0,0,The physical environment is monitored to find potentially adverse events o,Potansiyel olumsuz olayları bulmak için fiziksel ortam izlenir o
NIST.CSWP.29.pdf,https://doi.org/10.6028/NIST.CSWP.29,DE.CM_DE.CM-03,14.0,0,Personnel activity and technology usage are monitored to find potentially o adverse events,Personel faaliyetleri ve teknoloji kullanımı potansiyel olarak tespit edilmek üzere izlenir. o olumsuz olaylar
NIST.CSWP.29.pdf,https://doi.org/10.6028/NIST.CSWP.29,DE.CM_DE.CM-06,14.0,0,External service provider activities and services are monitored to find o potentially adverse events,"Dış hizmet sağlayıcı faaliyetleri ve hizmetleri izlenerek, o potansiyel olumsuz olaylar"
NIST.CSWP.29.pdf,https://doi.org/10.6028/NIST.CSWP.29,DE.CM_DE.CM-09,14.0,0,"Computing hardware and software, runtime environments, and their data o are monitored to find potentially adverse events • Adverse Event Analysis (DE.AE): Anomalies, indicators of compromise, and other potentially adverse events are analyzed to characterize the events and detect cybersecurity incidents","Bilgi işlem donanımı ve yazılımı, çalışma zamanı ortamları ve bunların verileri o Potansiyel olumsuz olayları bulmak için izlenir • Olumsuz Olay Analizi (DE.AE): Anormallikler, uzlaşma göstergeleri ve diğer Potansiyel olumsuz olaylar, olayları karakterize etmek ve siber güvenliği tespit etmek için analiz edilir olaylar"
NIST.CSWP.29.pdf,https://doi.org/10.6028/NIST.CSWP.29,DE.AE_DE.AE-02,15.0,0,Potentially adverse events are analyzed to better understand associated o activities,"Potansiyel olumsuz olaylar, ilişkili durumların daha iyi anlaşılması için analiz edilir. o faaliyetler"
NIST.CSWP.29.pdf,https://doi.org/10.6028/NIST.CSWP.29,DE.AE_DE.AE-03,15.0,0,Information is correlated from multiple sources o,Bilgi birden fazla kaynaktan ilişkilendirilir o
NIST.CSWP.29.pdf,https://doi.org/10.6028/NIST.CSWP.29,DE.AE_DE.AE-04,15.0,0,The estimated impact and scope of adverse events are understood o,Olumsuz olayların tahmini etkisi ve kapsamı anlaşıldı o
NIST.CSWP.29.pdf,https://doi.org/10.6028/NIST.CSWP.29,DE.AE_DE.AE-06,15.0,0,Information on adverse events is provided to authorized staff and tools o,Yetkili personele ve araçlara olumsuz olaylara ilişkin bilgi verilir. o
NIST.CSWP.29.pdf,https://doi.org/10.6028/NIST.CSWP.29,DE.AE_DE.AE-07,15.0,0,Cyber threat intelligence and other contextual information are integrated into o the analysis,Siber tehdit istihbaratı ve diğer bağlamsal bilgiler o analiz
NIST.CSWP.29.pdf,https://doi.org/10.6028/NIST.CSWP.29,DE.AE_DE.AE-08,15.0,0,"Incidents are declared when adverse events meet the defined incident o criteria 21 NIST CSWP 29 The NIST Cybersecurity Framework (CSF) 2.0 February 26, 2024 RESPOND (RS): Actions regarding a detected cybersecurity incident are taken • Incident Management (RS.MA): Responses to detected cybersecurity incidents are managed",Olumsuz olaylar tanımlanan olayla eşleştiğinde olaylar bildirilir o kriterler 21 NIST CSWP 29 NIST Siber Güvenlik Çerçevesi (CSF) 2.0 26 Şubat 2024 RESPOND (RS): Tespit edilen siber güvenlik olayı ile ilgili aksiyonlar alınır • Olay Yönetimi (RS.MA): Tespit edilen siber güvenlik olaylarına verilen yanıtlar yönetilen
NIST.CSWP.29.pdf,https://doi.org/10.6028/NIST.CSWP.29,RS.MA_RS.MA-01,16.0,0,The incident response plan is executed in coordination with relevant third o parties once an incident is declared,Olay müdahale planı ilgili üçüncü kuruluşla koordineli olarak yürütülür. o bir olay ilan edildiğinde taraflar
NIST.CSWP.29.pdf,https://doi.org/10.6028/NIST.CSWP.29,RS.MA_RS.MA-02,16.0,0,Incident reports are triaged and validated o,Olay raporları önceliklendirilir ve doğrulanır o
NIST.CSWP.29.pdf,https://doi.org/10.6028/NIST.CSWP.29,RS.MA_RS.MA-03,16.0,0,Incidents are categorized and prioritized o,Olaylar kategorize edilir ve önceliklendirilir o
NIST.CSWP.29.pdf,https://doi.org/10.6028/NIST.CSWP.29,RS.MA_RS.MA-04,16.0,0,Incidents are escalated or elevated as needed o,Olaylar gerektiği gibi artırılır veya yükseltilir o
NIST.CSWP.29.pdf,https://doi.org/10.6028/NIST.CSWP.29,RS.MA_RS.MA-05,16.0,0,The criteria for initiating incident recovery are applied o • Incident Analysis (RS.AN): Investigations are conducted to ensure effective response and support forensics and recovery activities,Olay kurtarmayı başlatma kriterleri uygulanır o • Olay Analizi (RS.AN): Etkin müdahale ve müdahaleyi sağlamak için soruşturmalar yürütülür. Adli tıp ve kurtarma faaliyetlerini desteklemek
NIST.CSWP.29.pdf,https://doi.org/10.6028/NIST.CSWP.29,RS.AN_RS.AN-03,17.0,0,Analysis is performed to establish what has taken place during an incident o and the root cause of the incident,Bir olay sırasında neler yaşandığını tespit etmek için analiz yapılır o ve olayın temel nedeni
NIST.CSWP.29.pdf,https://doi.org/10.6028/NIST.CSWP.29,RS.AN_RS.AN-06,17.0,0,"Actions performed during an investigation are recorded, and the records’ o integrity and provenance are preserved",Soruşturma sırasında yapılan işlemler kayıt altına alınır ve kayıtların o bütünlük ve menşe korunur
NIST.CSWP.29.pdf,https://doi.org/10.6028/NIST.CSWP.29,RS.AN_RS.AN-07,17.0,0,"Incident data and metadata are collected, and their integrity and provenance o are preserved",Olay verileri ve meta veriler toplanır ve bunların bütünlüğü ve kaynağı o Korundu
NIST.CSWP.29.pdf,https://doi.org/10.6028/NIST.CSWP.29,RS.AN_RS.AN-08,17.0,0,"An incident’s magnitude is estimated and validated o • Incident Response Reporting and Communication (RS.CO): Response activities are coordinated with internal and external stakeholders as required by laws, regulations, or policies","Bir olayın büyüklüğü tahmin edilir ve doğrulanır o • Olay Müdahale Raporlaması ve İletişimi (RS.CO): Müdahale faaliyetleri Kanun, yönetmelik veya mevzuatın gerektirdiği şekilde iç ve dış paydaşlarla koordineli olarak politikalar"
NIST.CSWP.29.pdf,https://doi.org/10.6028/NIST.CSWP.29,RS.CO_RS.CO-02,18.0,0,Internal and external stakeholders are notified of incidents o,Olaylarla ilgili iç ve dış paydaşlar bilgilendirilir o
NIST.CSWP.29.pdf,https://doi.org/10.6028/NIST.CSWP.29,RS.CO_RS.CO-03,18.0,0,Information is shared with designated internal and external stakeholders o • Incident Mitigation (RS.MI): Activities are performed to prevent expansion of an event and mitigate its effects,Bilgiler belirlenen iç ve dış paydaşlarla paylaşılır o • Olay Azaltma (RS.MI): Bir olayın genişlemesini önlemek için faaliyetler gerçekleştirilir ve etkilerini azaltmak
NIST.CSWP.29.pdf,https://doi.org/10.6028/NIST.CSWP.29,RS.MI_RS.MI-01,19.0,0,Incidents are contained o,Olaylar kontrol altına alındı o
NIST.CSWP.29.pdf,https://doi.org/10.6028/NIST.CSWP.29,RS.MI_RS.MI-02,19.0,0,Incidents are eradicated o RECOVER (RC): Assets and operations affected by a cybersecurity incident are restored • Incident Recovery Plan Execution (RC.RP): Restoration activities are performed to ensure operational availability of systems and services affected by cybersecurity incidents,"Olaylar ortadan kaldırıldı o RECOVER (RC): Siber güvenlik olayından etkilenen varlıklar ve operasyonlar geri yüklenir • Olay Kurtarma Planının Yürütülmesi (RC.RP): Restorasyon faaliyetleri, Siber güvenlik olaylarından etkilenen sistem ve hizmetlerin operasyonel kullanılabilirliği"
NIST.CSWP.29.pdf,https://doi.org/10.6028/NIST.CSWP.29,RC.RP_RC.RP-01,20.0,0,"The recovery portion of the incident response plan is executed once initiated o from the incident response process 22 NIST CSWP 29 The NIST Cybersecurity Framework (CSF) 2.0 February 26, 2024",Olay müdahale planının kurtarma kısmı başlatıldıktan sonra yürütülür o olaya müdahale sürecinden 22 NIST CSWP 29 NIST Siber Güvenlik Çerçevesi (CSF) 2.0 26 Şubat 2024
NIST.CSWP.29.pdf,https://doi.org/10.6028/NIST.CSWP.29,RC.RP_RC.RP-02,20.0,0,"Recovery actions are selected, scoped, prioritized, and performed o","Kurtarma eylemleri seçilir, kapsamı belirlenir, önceliklendirilir ve gerçekleştirilir o"
NIST.CSWP.29.pdf,https://doi.org/10.6028/NIST.CSWP.29,RC.RP_RC.RP-03,20.0,0,The integrity of backups and other restoration assets is verified before using o them for restoration,Yedeklemelerin ve diğer geri yükleme varlıklarının bütünlüğü kullanılmadan önce doğrulanır o restorasyon için onları
NIST.CSWP.29.pdf,https://doi.org/10.6028/NIST.CSWP.29,RC.RP_RC.RP-04,20.0,0,Critical mission functions and cybersecurity risk management are considered o to establish post-incident operational norms,Kritik görev fonksiyonları ve siber güvenlik risk yönetimi dikkate alınır o olay sonrası operasyonel normları oluşturmak
NIST.CSWP.29.pdf,https://doi.org/10.6028/NIST.CSWP.29,RC.RP_RC.RP-05,20.0,0,"The integrity of restored assets is verified, systems and services are restored, o and normal operating status is confirmed","Geri yüklenen varlıkların bütünlüğü doğrulanır, sistem ve hizmetler geri yüklenir, o ve normal çalışma durumu onaylandı"
NIST.CSWP.29.pdf,https://doi.org/10.6028/NIST.CSWP.29,RC.RP_RC.RP-06,20.0,0,"The end of incident recovery is declared based on criteria, and incident- o related documentation is completed • Incident Recovery Communication (RC.CO): Restoration activities are coordinated with internal and external parties",Olay kurtarmanın sonu kriterlere göre ilan edilir ve olay- o ilgili belgeler tamamlandı • Olay Kurtarma İletişimi (RC.CO): Restorasyon faaliyetleri iç ve dış taraflar
NIST.CSWP.29.pdf,https://doi.org/10.6028/NIST.CSWP.29,RC.CO_RC.CO-03,21.0,0,Recovery activities and progress in restoring operational capabilities are o communicated to designated internal and external stakeholders,Kurtarma faaliyetleri ve operasyonel yeteneklerin geri kazanılmasındaki ilerleme o belirlenen iç ve dış paydaşlara iletilir
NIST.CSWP.29.pdf,https://doi.org/10.6028/NIST.CSWP.29,RC.CO_RC.CO-04,21.0,0,"Public updates on incident recovery are shared using approved methods and o messaging 23 NIST CSWP 29 The NIST Cybersecurity Framework (CSF) 2.0 February 26, 2024 Appendix B. CSF Tiers Table 2 contains a notional illustration of the CSF Tiers discussed in Sec. 3. The Tiers characterize the rigor of an organization’s cybersecurity risk governance practices (GOVERN) and cybersecurity risk management practices (IDENTIFY, PROTECT, DETECT, RESPOND, and RECOVER). Table 2. Notional Illustration of the CSF Tiers Tier Cybersecurity Risk Governance Cybersecurity Risk Management Tier 1: Application of the organizational There is limited awareness of cybersecurity risks at the Partial cybersecurity risk strategy is managed organizational level. in an ad hoc manner. The organization implements cybersecurity risk Prioritization is ad hoc and not management on an irregular, case-by-case basis. formally based on objectives or threat The organization may not have processes that enable environment. cybersecurity information to be shared within the organization. The organization is generally unaware of the cybersecurity risks associated with its suppliers and the products and services it acquires and uses. Tier 2: Risk Risk management practices are There is an awareness of cybersecurity risks at the Informed approved by management but may organizational level, but an organization-wide approach not be established as organization- to managing cybersecurity risks has not been wide policy. established. The prioritization of cybersecurity Consideration of cybersecurity in organizational activities and protection needs is objectives and programs may occur at some but not all directly informed by organizational levels of the organization. Cyber risk assessment of risk objectives, the threat organizational and external assets occurs but is not environment, or business/mission typically repeatable or reoccurring. requirements. Cybersecurity information is shared within the organization on an informal basis. The organization is aware of the cybersecurity risks associated with its suppliers and the products and services it acquires and uses, but it does not act consistently or formally in response to those risks. Tier 3: The organization’s risk management There is an organization-wide approach to managing Repeatable practices are formally approved and cybersecurity risks. Cybersecurity information is expressed as policy. routinely shared throughout the organization.","Olay kurtarmaya ilişkin genel güncellemeler, onaylanmış yöntemler kullanılarak paylaşılır ve o mesajlaşma 23 NIST CSWP 29 NIST Siber Güvenlik Çerçevesi (CSF) 2.0 26 Şubat 2024 Ek B. CSF Katmanları Tablo 2, Bölüm 1'de tartışılan CSF Katmanlarının kavramsal bir resmini içermektedir. 3. Katmanlar Bir kuruluşun siber güvenlik risk yönetimi uygulamalarının (GOVERN) ciddiyetini karakterize etmek ve siber güvenlik risk yönetimi uygulamaları (TANIMLAYIN, KORUYUN, ALGILAYIN, YANITLAYIN ve KURTARIN). Tablo 2. BOS Katmanlarının Kavramsal Gösterimi Kademeli Siber Güvenlik Risk Yönetişimi Siber Güvenlik Risk Yönetimi Aşama 1: Organizasyonun uygulanması Siber güvenlik risklerine ilişkin farkındalık sınırlıdır Kısmi siber güvenlik risk stratejisi organizasyonel düzeyde yönetilir. geçici bir şekilde. Kuruluş siber güvenlik riskini uyguluyor Önceliklendirme geçicidir ve düzensiz, duruma göre yönetim değildir. resmi olarak hedeflere veya tehdide dayalı Kuruluşun bunu mümkün kılan süreçleri olmayabilir. çevre. içerisinde paylaşılacak siber güvenlik bilgileri organizasyon. Organizasyon genel olarak durumdan habersizdir. tedarikçileriyle ilişkili siber güvenlik riskleri ve edindiği ve kullandığı ürün ve hizmetler. Kademe 2: Risk Risk yönetimi uygulamaları Bilgilendirilmiş yönetim tarafından onaylanmıştır ancak organizasyon düzeyinde olabilir ancak organizasyon çapında bir yaklaşım vardır organizasyon olarak kurulmamıştır - siber güvenlik risklerini yönetmeye yönelik çalışmalar yapılmamıştır geniş politika. kurulmuş. Siber güvenliğin önceliklendirilmesi Organizasyonlarda siber güvenliğin dikkate alınması faaliyetler ve koruma ihtiyaçları hedeflerdir ve programlar bazılarında ortaya çıkabilir, ancak hepsinde olmayabilir Kuruluşun organizasyonel düzeyleri tarafından doğrudan bilgilendirilir. Siber risk değerlendirmesi Risk hedefleri, tehdit kurumsal ve dış varlıklar oluşur ancak gerçekleşmez ortam veya iş/misyon genellikle tekrarlanabilir veya tekrarlanabilir. gereksinimleri. Siber güvenlik bilgileri şirket bünyesinde paylaşılmaktadır. gayri resmi olarak örgütleniyor. Kuruluş siber güvenlik risklerinin farkındadır tedarikçileri ve ürünleri ile ilişkili ve edindiği ve kullandığı hizmetler, ancak harekete geçmiyor bu risklere sürekli veya resmi olarak yanıt vermek. Aşama 3: Kuruluşun risk yönetimi Yönetime ilişkin kuruluş çapında bir yaklaşım vardır Tekrarlanabilir uygulamalar resmi olarak onaylanmıştır ve siber güvenlik riskleridir. Siber güvenlik bilgileri politika olarak ifade edilmiştir. Organizasyon genelinde rutin olarak paylaşılır."
NIST.CSWP.29.pdf,https://doi.org/10.6028/NIST.CSWP.29,RC.CO_RC.CO-04,21.0,1,"Risk-informed policies, processes, and Consistent methods are in place to respond effectively procedures are defined, implemented to changes in risk. Personnel possess the knowledge and as intended, and reviewed. skills to perform their appointed roles and responsibilities. Organizational cybersecurity practices are regularly updated based on the The organization consistently and accurately monitors application of risk management the cybersecurity risks of assets. Senior cybersecurity processes to changes in and non-cybersecurity executives communicate business/mission requirements, regularly regarding cybersecurity risks. Executives threats, and technological landscape. ensure that cybersecurity is considered through all lines of operation in the organization. 24 NIST CSWP 29 The NIST Cybersecurity Framework (CSF) 2.0 February 26, 2024 Tier Cybersecurity Risk Governance Cybersecurity Risk Management The organization risk strategy is informed by the cybersecurity risks associated with its suppliers and the products and services it acquires and uses. Personnel formally act upon those risks through mechanisms such as written agreements to communicate baseline requirements, governance structures (e.g., risk councils), and policy implementation and monitoring. These actions are implemented consistently and as intended and are continuously monitored and reviewed. Tier 4: There is an organization-wide The organization adapts its cybersecurity practices Adaptive approach to managing cybersecurity based on previous and current cybersecurity activities, risks that uses risk-informed policies, including lessons learned and predictive indicators. processes, and procedures to address Through a process of continuous improvement that potential cybersecurity events. The incorporates advanced cybersecurity technologies and relationship between cybersecurity practices, the organization actively adapts to a changing risks and organizational objectives is technological landscape and responds in a timely and clearly understood and considered effective manner to evolving, sophisticated threats. when making decisions. Executives The organization uses real-time or near real-time monitor cybersecurity risks in the information to understand and consistently act upon the same context as financial and other cybersecurity risks associated with its suppliers and the organizational risks. The organizational products and services it acquires and uses. budget is based on an understanding Cybersecurity information is constantly shared of the current and predicted risk throughout the organization and with authorized third environment and risk tolerance. parties.","Etkin bir şekilde yanıt vermek için risk bilgili politikalar, süreçler ve tutarlı yöntemler mevcuttur prosedürler tanımlanır ve riskteki değişikliklere göre uygulanır. Personelin bilgi sahibi olması ve amaçlandığı gibi ve gözden geçirildi. Atandıkları rolleri yerine getirebilme becerileri ve sorumluluklar. Kurumsal siber güvenlik uygulamaları Kuruluşa göre düzenli olarak güncellenir, tutarlı ve doğru bir şekilde izler. Varlıkların siber güvenlik riskleri için risk yönetiminin uygulanması. Kıdemli siber güvenlik Siber güvenlik dışı yöneticilerdeki değişikliklere yönelik süreçler iletişim kurar Siber güvenlik riskleriyle ilgili düzenli olarak iş/görev gereksinimleri. Yöneticiler tehditler ve teknolojik manzara. Siber güvenliğin her açıdan dikkate alınmasını sağlamak organizasyondaki operasyon. 24 NIST CSWP 29 NIST Siber Güvenlik Çerçevesi (CSF) 2.0 26 Şubat 2024 Kademeli Siber Güvenlik Risk Yönetişimi Siber Güvenlik Risk Yönetimi Organizasyonun risk stratejisi aşağıdakiler tarafından bilgilendirilir: tedarikçileriyle ilişkili siber güvenlik riskleri ve edindiği ve kullandığı ürün ve hizmetler. Personel gibi mekanizmalar aracılığıyla bu risklere resmi olarak müdahale etmek temel çizgiyi iletmek için yazılı anlaşmalar olarak gereksinimler, yönetişim yapıları (örn. risk konseyleri), ve politikanın uygulanması ve izlenmesi. Bunlar Eylemlerin tutarlı ve amaçlandığı şekilde uygulanması sürekli olarak izlenmekte ve gözden geçirilmektedir. Kademe 4: Kuruluş çapında bir kuruluş vardır. Kuruluş, siber güvenlik uygulamalarını uyarlar. Siber güvenliğin yönetilmesinde önceki ve mevcut siber güvenlik faaliyetlerine dayalı uyarlanabilir yaklaşım, Öğrenilen dersler ve öngörücü göstergeler de dahil olmak üzere, risk bilgisine dayalı politikaları kullanan riskler. ele alınacak süreçler ve prosedürler Sürekli iyileştirme süreci yoluyla potansiyel siber güvenlik olayları. Gelişmiş siber güvenlik teknolojilerini bünyesinde barındırır ve Siber güvenlik uygulamaları arasındaki ilişki, kuruluşun değişen koşullara aktif olarak uyum sağlamasına olanak sağlar. Riskler ve organizasyonel hedefler teknolojik bir ortamdır ve zamanında ve zamanında yanıt verir. Gelişen, karmaşık tehditlere karşı açıkça anlaşılmış ve etkili bir yöntem olarak değerlendirilmiştir. kararlar verirken. Yöneticiler Kuruluş, gerçek zamanlı veya gerçek zamanlıya yakın zamanı kullanıyor Siber güvenlik risklerini izlemek bilgileri anlamak ve bunlara göre tutarlı bir şekilde hareket etmek için finansal ve diğer konularla aynı bağlamda tedarikçileriyle ilişkili siber güvenlik riskleri ve organizasyonel riskler. Organizasyonel edindiği ve kullandığı ürün ve hizmetler. bütçe bir anlayışa dayanmaktadır Siber güvenlik bilgileri sürekli paylaşılıyor mevcut ve öngörülen riskin kuruluş genelinde ve yetkili üçüncü kişilerle çevre ve risk toleransı. partiler."
NIST.CSWP.29.pdf,https://doi.org/10.6028/NIST.CSWP.29,RC.CO_RC.CO-04,21.0,2,"Business units implement executive vision and analyze system-level risks in the context of the organizational risk tolerances. Cybersecurity risk management is part of the organizational culture. It evolves from an awareness of previous activities and continuous awareness of activities on organizational systems and networks. The organization can quickly and efficiently account for changes to business/mission objectives in how risk is approached and communicated. 25 NIST CSWP 29 The NIST Cybersecurity Framework (CSF) 2.0 February 26, 2024 Appendix C. Glossary CSF Category A group of related cybersecurity outcomes that collectively comprise a CSF Function. CSF Community Profile A baseline of CSF outcomes that is created and published to address shared interests and goals among a number of organizations. A Community Profile is typically developed for a particular sector, subsector, technology, threat type, or other use case. An organization can use a Community Profile as the basis for its own Target Profile. CSF Core A taxonomy of high-level cybersecurity outcomes that can help any organization manage its cybersecurity risks. Its components are a hierarchy of Functions, Categories, and Subcategories that detail each outcome. CSF Current Profile A part of an Organizational Profile that specifies the Core outcomes that an organization is currently achieving (or attempting to achieve) and characterizes how or to what extent each outcome is being achieved. CSF Function The highest level of organization for cybersecurity outcomes. There are six CSF Functions: Govern, Identify, Protect, Detect, Respond, and Recover. CSF Implementation Example A concise, action-oriented, notional illustration of a way to help achieve a CSF Core outcome. CSF Informative Reference A mapping that indicates a relationship between a CSF Core outcome and an existing standard, guideline, regulation, or other content. CSF Organizational Profile A mechanism for describing an organization’s current and/or target cybersecurity posture in terms of the CSF Core’s outcomes. CSF Quick Start Guide A supplementary resource that gives brief, actionable guidance on specific CSF-related topics. CSF Subcategory A group of more specific outcomes of technical and management cybersecurity activities that comprise a CSF Category.","İş birimleri yürütmeyi uygular sistem düzeyindeki riskleri görme ve analiz etme organizasyonel risk bağlamı toleranslar. Siber güvenlik risk yönetimi bir parçasıdır organizasyon kültürünün bir parçasıdır. o önceki bir farkındalıktan gelişir faaliyetleri ve sürekli farkındalık Organizasyon sistemleri ile ilgili faaliyetler ve ağlar. Organizasyon şunları yapabilir: hızlı ve verimli bir şekilde hesaplayın iş/misyon değişiklikleri Riske nasıl yaklaşılacağına ilişkin hedefler ve iletildi. 25 NIST CSWP 29 NIST Siber Güvenlik Çerçevesi (CSF) 2.0 26 Şubat 2024 Ek C. Sözlük BOS Kategorisi Toplu olarak bir CSF Fonksiyonunu oluşturan bir grup ilgili siber güvenlik sonucu. CSF Topluluk Profili Bir dizi kişi arasında ortak ilgi ve hedefleri ele almak üzere oluşturulan ve yayınlanan CSF sonuçlarının temel çizgisi kuruluşlar. Topluluk Profili genellikle belirli bir sektör, alt sektör, teknoloji, tehdit için geliştirilir. türü veya başka bir kullanım durumu. Bir kuruluş, Topluluk Profilini kendi Hedef Profilinin temeli olarak kullanabilir. BOS Çekirdeği Herhangi bir kuruluşun siber güvenlik risklerini yönetmesine yardımcı olabilecek üst düzey siber güvenlik sonuçlarının sınıflandırması. onun bileşenler, her sonucun ayrıntılarını veren bir İşlevler, Kategoriler ve Alt Kategoriler hiyerarşisidir. BOS Güncel Profili Bir kuruluşun şu anda elde ettiği Temel sonuçları belirten Organizasyon Profilinin bir parçası (veya başarmaya çalışmak) ve her bir sonuca nasıl veya ne ölçüde ulaşıldığını karakterize eder. BOS İşlevi Siber güvenlik sonuçları için en üst düzeyde organizasyon. Altı CSF Fonksiyonu vardır: Yönetmek, Tanımlamak, Koruyun, Algılayın, Yanıtlayın ve Kurtarın. CSF Uygulama Örneği CSF Temel sonucunun elde edilmesine yardımcı olacak bir yolun kısa, eylem odaklı, kavramsal bir örneği. BOS Bilgilendirici Referans Bir CSF Temel sonucu ile mevcut bir standart, kılavuz, kılavuz arasındaki ilişkiyi gösteren bir haritalama, düzenleme veya diğer içerik. CSF Organizasyon Profili Bir kuruluşun mevcut ve/veya hedef siber güvenlik duruşunu CSF açısından açıklamaya yönelik bir mekanizma Core'un sonuçları. CSF Hızlı Başlangıç Kılavuzu Belirli CSF ile ilgili konularda kısa ve uygulanabilir rehberlik sağlayan tamamlayıcı bir kaynak. BOS Alt Kategorisi Bir CSF'yi oluşturan teknik ve yönetim siber güvenlik faaliyetlerinin daha spesifik sonuçlarının bir grubu Kategori."
NIST.CSWP.29.pdf,https://doi.org/10.6028/NIST.CSWP.29,RC.CO_RC.CO-04,21.0,3,"CSF Target Profile A part of an Organizational Profile that specifies the desired Core outcomes that an organization has selected and prioritized for achieving its cybersecurity risk management objectives. CSF Tier A characterization of the rigor of an organization’s cybersecurity risk governance and management practices. There are four Tiers: Partial (Tier 1), Risk Informed (Tier 2), Repeatable (Tier 3), and Adaptive (Tier 4). 26 NIST CSWP 29 The NIST Cybersecurity Framework (CSF) 2.0 February 26, 2024 Certain commercial equipment, instruments, software, or materials, commercial or non-commercial, are identified in this paper in order to specify the experimental procedure adequately. Such identification does not imply recommendation or endorsement of any product or service by NIST, nor does it imply that the materials or equipment identified are necessarily the best available for the purpose. NIST Technical Series Policies Copyright, Use, and Licensing Statements NIST Technical Series Publication Identifier Syntax How to Cite this NIST Technical Series Publication: National Institute of Standards and Technology (2024) The NIST Cybersecurity Framework (CSF) 2.0. (National Institute of Standards and Technology, Gaithersburg, MD), NIST Cybersecurity White Paper (CSWP) NIST CSWP 29. https://doi.org/10.6028/NIST.CSWP.29 Contact Information cyberframework@nist.gov National Institute of Standards and Technology Attn: Applied Cybersecurity Division, Information Technology Laboratory 100 Bureau Drive (Mail Stop 2000) Gaithersburg, MD 20899-2000 All comments are subject to release under the Freedom of Information Act (FOIA). 27","BOS Hedef Profili Bir organizasyonun seçtiği ve arzu edilen Temel sonuçları belirten Organizasyonel Profilin bir parçası. Siber güvenlik risk yönetimi hedeflerine ulaşmak için önceliklendirilmiştir. CSF Katmanı Bir kuruluşun siber güvenlik risk yönetişimi ve yönetimi uygulamalarının titizliğinin bir karakterizasyonu. Dört Katman vardır: Kısmi (Kademe 1), Risk Bilgili (Kademe 2), Tekrarlanabilir (Kademe 3) ve Uyarlanabilir (Kademe 4). 26 NIST CSWP 29 NIST Siber Güvenlik Çerçevesi (CSF) 2.0 26 Şubat 2024 Ticari veya ticari olmayan belirli ticari ekipman, araçlar, yazılım veya materyaller tanımlanır. Deney prosedürünü yeterince belirtmek için bu yazıda. Bu tür bir tanımlama şu anlama gelmez: NIST tarafından herhangi bir ürün veya hizmetin tavsiye edilmesi veya onaylanması veya materyallerin veya hizmetin Tanımlanan ekipmanlar mutlaka amaç için mevcut olanların en iyisidir. NIST Teknik Seri Politikaları Telif Hakkı, Kullanım ve Lisanslama Bildirimleri NIST Teknik Serisi Yayın Tanımlayıcı Sözdizimi Bu NIST Teknik Dizi Yayınından Nasıl Alıntı Yapılır: Ulusal Standartlar ve Teknoloji Enstitüsü (2024) NIST Siber Güvenlik Çerçevesi (CSF) 2.0. (Ulusal Standartlar ve Teknoloji Enstitüsü, Gaithersburg, MD), NIST Siber Güvenlik Beyaz Kitabı (CSWP) NIST CSWP 29. https://doi.org/10.6028/NIST.CSWP.29 İletişim Bilgileri cyberframework@nist.gov Ulusal Standartlar ve Teknoloji Enstitüsü Attn: Uygulamalı Siber Güvenlik Bölümü, Bilgi Teknolojisi Laboratuvarı 100 Bureau Drive (Posta Durağı 2000) Gaithersburg, MD 20899-2000 Tüm yorumlar Bilgi Edinme Özgürlüğü Yasası (FOIA) uyarınca yayınlanmaya tabidir. 27"
